id,brand,name,price,product_url,image_url
1,아메스 월드와이드,SWEET RABBIT TEE PINK,39000,https://www.musinsa.com/products/6162866,https://image.msscdn.net/thumbnails/images/goods_img/20260319/6162866/6162866_17770200471287_big.jpg?w=1200
2,언타이틀 서울,유니콘 헨리넥 크롭 반팔 풀 블루,48000,https://www.musinsa.com/products/6388766,https://image.msscdn.net/thumbnails/images/prd_img/20260428/6388766/detail_6388766_17784658322415_big.jpg?w=1200
3,아웃스탠딩,MIL SERIES SLEEVELESS(ALOHA)_VINTAGE OLIVE,54000,https://www.musinsa.com/products/6331425,https://image.msscdn.net/thumbnails/images/goods_img/20260417/6331425/6331425_17772864973000_big.jpg?w=1200
4,아메스 월드와이드,SPRAY 52 TYPO TEE BLUE,42000,https://www.musinsa.com/products/6162960,https://image.msscdn.net/thumbnails/images/prd_img/20260319/6162960/detail_6162960_17770171412251_big.jpg?w=1200
5,미드나잇 무브,cb horse t (mint),44000,https://www.musinsa.com/products/6414464,https://image.msscdn.net/thumbnails/images/goods_img/20260504/6414464/6414464_17780593273049_big.jpg?w=1200
6,토마스모어,볼다 스트라이프 셔츠 - 블루,59700,https://www.musinsa.com/products/6175860,https://image.msscdn.net/thumbnails/images/goods_img/20260323/6175860/6175860_17743273017792_big.jpg?w=1200
7,토마스모어,볼다 스트라이프 셔츠 - 옐로우,59700,https://www.musinsa.com/products/6175862,https://image.msscdn.net/thumbnails/images/goods_img/20260323/6175862/6175862_17743274739503_big.jpg?w=1200
8,엑스톤즈,XTT158 레이어드 와플 헨리넥 티셔츠 (BURGUNDY),49000,https://www.musinsa.com/products/6323270,https://image.msscdn.net/thumbnails/images/prd_img/20260416/6323270/detail_6323270_17781206156817_big.jpg?w=1200
9,카비시,STAR NOTE SS TEE YELLOW(CV2GMUT503A),42000,https://www.musinsa.com/products/5910877,https://image.msscdn.net/thumbnails/images/goods_img/20260119/5910877/5910877_17739184253199_big.jpg?w=1200
10,파르티멘토,마이크로 서클 로고 티 머스타드,37400,https://www.musinsa.com/products/3228845,https://image.msscdn.net/thumbnails/images/goods_img/20230412/3228845/3228845_16824290051015_big.jpg?w=1200
11,디스이스네버댓,Overdyed Reverse Tee Faded Purple,65000,https://www.musinsa.com/products/6262629,https://image.msscdn.net/thumbnails/images/goods_img/20260406/6262629/6262629_17762314287642_big.jpg?w=1200
12,디스이스네버댓,Overdyed Reverse Tee Pink,65000,https://www.musinsa.com/products/6262627,https://image.msscdn.net/thumbnails/images/goods_img/20260406/6262627/6262627_17762315461615_big.jpg?w=1200
13,디스이스네버댓,Overdyed Reverse Tee Faded Purple,65000,https://www.musinsa.com/products/6262630,https://image.msscdn.net/thumbnails/images/goods_img/20260406/6262630/6262630_17762314237913_big.jpg?w=1200
14,디스이스네버댓,Sprayed FR-Logo Tee Pale Mint,55000,https://www.musinsa.com/products/3920641,https://image.msscdn.net/thumbnails/images/goods_img/20240304/3920641/3920641_17102248088759_big.jpg?w=1200
15,엘엠씨,FN DOODLE TEE purple,59000,https://www.musinsa.com/products/6234937,https://image.msscdn.net/thumbnails/images/prd_img/20260401/6234937/detail_6234937_17750343483743_big.jpg?w=1200
16,엘엠씨,FN DOODLE TEE brown,50450,https://www.musinsa.com/products/6234936,https://image.msscdn.net/thumbnails/images/prd_img/20260401/6234936/detail_6234936_17750342421868_big.jpg?w=1200
17,엘엠씨,FN DOODLE HOODIE indi pink,99000,https://www.musinsa.com/products/5251552,https://image.msscdn.net/thumbnails/images/prd_img/20250716/5251552/detail_5251552_17550521025343_big.jpg?w=1200
18,엘엠씨,SIGNATURE COMBO TEE red,49000,https://www.musinsa.com/products/6043415,https://image.msscdn.net/thumbnails/images/prd_img/20260223/6043415/detail_6043415_17726105299710_big.jpg?w=1200
19,엘엠씨,FLYING PUPPY TEE gray blue,54000,https://www.musinsa.com/products/6234968,https://image.msscdn.net/thumbnails/images/prd_img/20260401/6234968/detail_6234968_17750349417308_big.jpg?w=1200
20,더콜디스트모먼트,TCM apo T (purple),45000,https://www.musinsa.com/products/6120868,https://image.msscdn.net/thumbnails/images/goods_img/20260312/6120868/6120868_17756153604516_big.jpg?w=1200
21,더콜디스트모먼트,TCM apo T (ash green),45000,https://www.musinsa.com/products/6120812,https://image.msscdn.net/thumbnails/images/goods_img/20260312/6120812/6120812_17756152303861_big.jpg?w=1200
22,더콜디스트모먼트,(w) TCM henley neck three-quarter sleeve (teal),49000,https://www.musinsa.com/products/5968157,https://image.msscdn.net/thumbnails/images/goods_img/20260202/5968157/5968157_17702481530457_big.jpg?w=1200
23,더콜디스트모먼트,(w) TCM henley neck three-quarter sleeve (olive),49000,https://www.musinsa.com/products/5968154,https://image.msscdn.net/thumbnails/images/goods_img/20260202/5968154/5968154_17702481991140_big.jpg?w=1200
24,더콜디스트모먼트,TCM starfish label T (dark navy),39000,https://www.musinsa.com/products/6120519,https://image.msscdn.net/thumbnails/images/goods_img/20260312/6120519/6120519_17756142681803_big.jpg?w=1200
25,썬러브,Arc Text Tee Rose,69000,https://www.musinsa.com/products/6179664,https://image.msscdn.net/thumbnails/images/goods_img/20260323/6179664/6179664_17742688269454_big.jpg?w=1200
26,테켓,Plan Tee Purple,55000,https://www.musinsa.com/products/4330832,https://image.msscdn.net/images/prd_img/202603131048046593232566469b36cd4a0f82.jpg
27,에이이에이이,WEB LOGO T-SHIRTS [DEEP RED],52000,https://www.musinsa.com/products/6227365,https://image.msscdn.net/thumbnails/images/goods_img/20260331/6227365/6227365_17752033632932_big.jpg?w=1200
28,에이이에이이,WEB LOGO T-SHIRTS [GREY/PINK],52000,https://www.musinsa.com/products/6227338,https://image.msscdn.net/thumbnails/images/goods_img/20260331/6227338/6227338_17752033208412_big.jpg?w=1200
29,뉴에라,MLB 뉴욕 양키스 스크립트 티셔츠 삼바 14679812,59000,https://www.musinsa.com/products/4853331,https://image.msscdn.net/thumbnails/images/goods_img/20250304/4853331/4853331_17410703508839_big.jpg?w=1200
30,탄산마그네슘,혼 아플리케 티셔츠 (민트멜란지),67000,https://www.musinsa.com/products/6394110,https://image.msscdn.net/thumbnails/images/prd_img/20260428/6394110/detail_6394110_17782243696579_big.jpg?w=1200
31,탄산마그네슘,링거 티셔츠 (블루),69000,https://www.musinsa.com/products/5163333,https://image.msscdn.net/thumbnails/images/goods_img/20250602/5163333/5163333_17732991192436_big.jpg?w=1200
32,탄산마그네슘,드라이어 프리 티셔츠 (화이트),57800,https://www.musinsa.com/products/6392200,https://image.msscdn.net/thumbnails/images/goods_img/20260428/6392200/6392200_17773598931985_big.jpg?w=1200
33,예스아이씨,Y.E.S Sign Logo Hoodie Cobalt Blue,94000,https://www.musinsa.com/products/4833656,https://image.msscdn.net/thumbnails/images/goods_img/20250225/4833656/4833656_17410560940840_big.jpg?w=1200
34,예스아이씨,C-logo Twinkle Tee Light Green,55000,https://www.musinsa.com/products/6244649,https://image.msscdn.net/thumbnails/images/goods_img/20260402/6244649/6244649_17754615471153_big.jpg?w=1200
35,예스아이씨,Racing Tee Sky Blue,45000,https://www.musinsa.com/products/4888356,https://image.msscdn.net/thumbnails/images/goods_img/20250312/4888356/4888356_17421763793538_big.jpg?w=1200
36,디키즈,페어론 티셔츠 Egret,45000,https://www.musinsa.com/products/6143188,https://image.msscdn.net/thumbnails/images/goods_img/20260317/6143188/6143188_17773504480059_big.jpg?w=1200
37,디키즈,모노 로고 링거 티셔츠 Gray,59000,https://www.musinsa.com/products/6143240,https://image.msscdn.net/thumbnails/images/goods_img/20260317/6143240/6143240_17756077511406_big.jpg?w=1200
38,나이스고스트클럽,NON STANDARD LOGO TEE_YELLOW(NG2GMUT519A),49000,https://www.musinsa.com/products/6089998,https://image.msscdn.net/thumbnails/images/prd_img/20260306/6089998/detail_6089998_17739892526661_big.jpg?w=1200
39,나이스고스트클럽,100% MANIAC ACADEMY HOODIE_PINK(NG2EFUM419A),89000,https://www.musinsa.com/products/4368894,https://image.msscdn.net/thumbnails/images/goods_img/20240826/4368894/4368894_17248292972049_big.jpg?w=1200
40,아디다스,3S 티 - 블루 / JD2880,45000,https://www.musinsa.com/products/5042951,https://image.msscdn.net/thumbnails/images/prd_img/20250418/5042951/detail_5042951_17471129298764_big.jpg?w=1200
41,디스이스네버댓,DSN-Logo Tee Pink,45000,https://www.musinsa.com/products/3861727,https://image.msscdn.net/thumbnails/images/prd_img/20240213/3861727/detail_3861727_17078785628222_big.jpg?w=1200
42,브라운브레스,PYTHONE TAG LONGSLLEVE - ORANGE,59000,https://www.musinsa.com/products/4716461,https://image.msscdn.net/thumbnails/images/prd_img/20250113/4716461/detail_4716461_17370951095344_big.jpg?w=1200
43,오끼뜨,슬림핏 티셔츠 와인,35000,https://www.musinsa.com/products/6115993,https://image.msscdn.net/thumbnails/images/goods_img/20260311/6115993/6115993_17744176160948_big.jpg?w=1200
44,아디다스,오버사이즈 크루 스웨트셔츠 - 그린 / KA0467,79000,https://www.musinsa.com/products/5391597,https://image.msscdn.net/thumbnails/images/goods_img/20250902/5391597/5391597_17629924622740_big.jpg?w=1200
45,브라운브레스,TAG PIGMENT TEE - KHAKI,49000,https://www.musinsa.com/products/6137621,https://image.msscdn.net/thumbnails/images/prd_img/20260316/6137621/detail_6137621_17737943976151_big.jpg?w=1200
46,와이케이,YK 스타 아플리케 체크 반팔 셔츠 핑크베이지,99000,https://www.musinsa.com/products/5118216,https://image.msscdn.net/thumbnails/images/goods_img/20250515/5118216/5118216_17477323306870_big.jpg?w=1200
47,마뗑킴,LETTERING GRAFFITI CREASE TOP IN BEIGE,58000,https://www.musinsa.com/products/6321575,https://image.msscdn.net/thumbnails/images/goods_img/20260416/6321575/6321575_17763268659119_big.jpg?w=1200
48,아디다스,와플 반팔 폴로 셔츠 - 다크브라운 / KB5462,59000,https://www.musinsa.com/products/5169463,https://image.msscdn.net/thumbnails/images/goods_img/20250605/5169463/5169463_17498072807733_big.jpg?w=1200
49,에잇세컨즈,매직 슬림 티셔츠 올리브 그린,19900,https://www.musinsa.com/products/6388975,https://img.ssfshop.com/cmd/LB_750x/src/img.ssfshop.com/goods/8SBR/26/03/19/GM0026031924212_6_THNAIL_ORGINL_20260331180833538.jpg
50,썬러브,Daybreak Logo Tee Blue,69000,https://www.musinsa.com/products/6179517,https://image.msscdn.net/thumbnails/images/goods_img/20260323/6179517/6179517_17742666534225_big.jpg?w=1200
